sample_id,active_metal,metal_loading_wt,promoter,promoter_loading_wt,support_material,synthesis_method,calcination_temperature,calcination_time,reaction_temperature,pressure,gas_hourly_space_velocity,co2_ch4_ratio,ch4_conversion,co2_conversion,h2_co_ratio,catalyst_stability
catalyst_001,Pd,7.84127013286822,Ca,2.9578827430920844,CeO2,coprecipitation,588.0760733264563,2.505879856507101,734.5859671011611,2.181457091318969,16679.649515849214,1.0714015962698888,63.84294069390397,69.70407675903184,0.7504185732711884,59.303656707180004
catalyst_002,Rh,6.241630608860244,Ce,0.03857238214806577,ZrO2,incipient_wetness,420.710591751648,4.168250753561786,716.2379491816895,1.280902666513211,51336.117028261615,0.9085040398575741,68.9620812385237,67.35493958124391,0.6914343585324804,79.06697850324962
catalyst_003,Pt,7.248016886578034,Ca,2.1593567444560717,CeO2,incipient_wetness,403.20145446430126,5.80938301962595,764.7050107106902,2.612794415254681,9079.581080348255,0.8721924149470389,72.47521128080673,79.80863939710605,0.7253827965456777,54.1826813279701
catalyst_004,Ru,2.6484796301727354,Ce,4.097302811310617,ZrO2,sol_gel,568.8542654556524,2.788272412415495,769.7038199522611,1.0948417901242817,41850.019256015774,0.958680997253981,68.66750081305028,67.00965656800533,0.8237948998814068,53.10916374298588
catalyst_005,Pd,3.6876246861467354,Ce,2.1971489389813352,TiO2,wet_impregnation,521.9383209257714,5.280352771996321,683.6483017066151,1.8003389039772564,32759.92193664067,0.8629050451292328,61.18273450003056,60.05415798955587,0.786142291124257,78.53166301363322
catalyst_006,Co,9.094913252208737,La,4.4528846221268354,Al2O3,sol_gel,587.0583875777043,2.176044323161305,712.7124138071745,3.6263032549227128,36240.599991243806,1.0493537069128966,46.038949201466416,45.34792011244057,0.5827905489931013,82.78516955630188
catalyst_007,Ni,3.371342112313681,Ca,1.253250866136244,SiO2,wet_impregnation,425.678357227441,4.789402069292157,633.6560169855202,2.835711074756379,17701.088919671394,1.1619859150654162,53.960023510896704,58.824697951958676,0.4949584926292099,65.83566148128558
catalyst_008,Rh,2.933191211588376,Mg,0.36096710114309166,MgO,sol_gel,511.5043815142476,2.507084003104165,877.0897320557511,4.0692816334782975,36472.507992471896,1.1575540966053723,71.78808254420524,76.89970273949069,1.1170399010744871,66.39613250036751
catalyst_009,Pd,2.0404066303251134,Ce,1.240517471567879,TiO2,sol_gel,584.9267678517476,5.404817568531611,857.6069859567355,1.0083097439979867,29330.17833618712,0.9751673484488669,78.03717590447923,71.85747702522367,0.9851093874962151,56.123206492156065
catalyst_010,Ni,1.1986682918433664,K,1.6470529482892082,Al2O3,incipient_wetness,506.755196337755,4.695608782474553,812.8569259062127,1.6933257179561312,50905.04520486742,0.9021165959443563,63.05375263783861,56.74595751469069,1.0058470513883147,92.22022722079379
catalyst_011,Pt,6.174328107826147,,0.13416739107776737,SiO2,coprecipitation,577.5846055682591,4.211599040987802,778.4593167767159,1.2515276372319755,24604.956215477505,0.9069351810815294,63.11995700986599,64.64145711542434,0.9750545789007795,75.04498061256551
catalyst_012,Ni,5.293349713750751,Ce,3.596855344216125,ZrO2,sol_gel,743.1075564296004,3.2849993585008934,667.4884449662935,3.965963420594468,45167.25457295372,0.9617081102248402,56.738721127376856,60.6127615546114,0.5148157814498007,68.59854568268925
catalyst_013,Ni,7.268086125409042,La,1.262420092224858,TiO2,wet_impregnation,461.64022795695035,6.056807769425332,742.61996850196,1.9685994332968852,49972.44786427356,1.1804379117782482,67.21179958630476,60.31855790030389,0.8524725927512441,70.60898344378214
catalyst_014,Pt,7.496152048140059,K,3.148661915107382,TiO2,incipient_wetness,436.0677279493959,2.649243828602662,874.860436963762,3.4655602135832946,9569.405961910408,0.8488428653657283,76.72268051395427,74.24368041432889,0.9103803105341037,97.30570776482931
catalyst_015,Pd,2.9473177830503823,Ce,1.6157444820667728,ZrO2,coprecipitation,683.6948952903925,4.453181521663406,846.9517316292183,3.6192112832720396,33208.827680463706,0.8175687272997105,74.65433876822739,72.01049519696096,0.9397168839794822,97.87664616809379
catalyst_016,Pt,4.858388358155534,,-0.1579232793432922,CeO2,incipient_wetness,542.8006724732775,4.593046471085304,787.3643945605538,4.392717181752456,22072.35955003641,0.9997972112562878,83.84179547521246,76.4291573835888,0.9485501874509362,94.29855381859113
catalyst_017,Rh,9.124326390935215,,-0.13989589867395133,MgO,wet_impregnation,704.7722952168843,5.967926149862372,699.0560140238317,3.3997195927305124,32083.6990614517,1.18774533348415,48.510350258277974,47.690154700339725,0.6387704389166704,65.19283467560263
catalyst_018,Co,9.323238270850982,Ce,3.597836830234181,SiO2,sol_gel,610.4799260555405,2.621078936675895,789.028352987055,4.838333138742711,17704.0250790367,1.0175847649946397,54.02537001644883,56.18171676609617,0.9249953268536738,84.96032861594175
catalyst_019,Rh,7.879137907034207,La,4.3302419877066285,SiO2,incipient_wetness,785.2267214855302,4.1137464018943515,764.7411059712733,4.096693832812023,36136.5497895768,1.088319124108553,67.16384323958765,64.85386304334921,0.814631381014261,77.49417626911577
catalyst_020,Ru,2.321733443565947,Mg,4.618734650024035,Al2O3,incipient_wetness,747.2901814758798,5.60393751649665,657.2281968408182,1.2408162787131867,22891.7716645189,1.0008174754938226,42.113514789147786,39.24519213543953,0.6268136792037631,78.73743259454353
catalyst_021,Pd,2.936309380990138,,-0.06122258334062825,MgO,coprecipitation,595.2606266658738,5.04580742799178,618.7371992405078,1.6125380534022935,48922.633965999485,1.089552367615882,40.82461227226078,38.70832957994831,0.529820832607742,54.69836167392231
catalyst_022,Rh,1.7336637660852932,La,2.2488238194541927,MgO,wet_impregnation,674.630600012874,2.216158624952074,874.8251161994758,2.824024604175291,21101.795749119494,0.8565746332596705,80.32544191586325,83.89881337702779,1.200700896038941,77.7949225368775
catalyst_023,Pt,4.227089192893907,K,4.040929797991765,SiO2,sol_gel,383.3718813109311,2.7184740659092395,634.5138016086962,1.248167705328347,44162.54652214914,1.0921985438620117,28.241408769698587,30.003093827825495,0.5129611845023717,67.98629932207298
catalyst_024,Ru,4.815739230961194,,0.23007429182348896,MgO,incipient_wetness,650.0914044631397,4.5569088937418245,608.063010879773,2.6514612791316368,35849.29832585357,1.0014136179061,26.24844316994386,21.782480136986152,0.5888036990572721,96.86206924158428
catalyst_025,Co,7.005283609604158,Ce,4.427038731396346,ZrO2,incipient_wetness,611.1060020127641,3.553506859235997,781.9748243098243,2.8232581935282606,31222.75743586965,1.183769918577655,64.41455467438962,68.09056929875707,0.8577139411743097,63.949848362926225
catalyst_026,Pd,1.0873667647750462,,-0.14266645733232058,SiO2,coprecipitation,652.215279522226,3.316276258469121,794.5854032034391,2.3319166730080725,36600.22700608177,0.9364274407132831,62.48879719197498,65.87624288864507,0.686073795704506,81.6633627338944
catalyst_027,Rh,8.081501535437903,K,1.5629230334531363,Al2O3,wet_impregnation,466.98185508198327,5.07374168553066,839.691667365833,5.022241610423518,27751.27602591847,0.9697056921288244,65.4644905467097,73.30892936066316,1.0872597154042245,61.33812177869898
catalyst_028,Rh,1.5198474116309268,Ce,4.601055203418017,CeO2,sol_gel,605.641205046156,5.4327591400991,676.128287262246,4.465320603823371,25604.52302086882,0.8029139405044482,66.1977723302754,71.09940824028835,0.6673432720686998,74.40176886146996
catalyst_029,Rh,6.579852505718571,Ca,2.8922134840679523,CeO2,sol_gel,476.3072033748472,5.817091177447552,822.1545048579457,1.4894927554549047,46663.10503314529,1.1897637675350126,80.1583162379018,84.60671618810215,1.158401378418712,54.13385206457984
catalyst_030,Co,8.71161197730954,La,3.977258973135482,ZrO2,coprecipitation,588.1144086520404,2.796598632352617,708.4551757107903,4.673008073050227,14970.388021480067,0.9994954080557515,52.94615282503447,56.10474829012765,0.59117286289825,88.08641699217833
catalyst_031,Ni,4.240064993107113,Ca,3.6057690305029597,ZrO2,incipient_wetness,595.8009120595775,3.5398887469049143,826.2531701418059,1.9401435369266784,24299.368800606117,0.9691323881784119,62.705430178749275,63.15568617140357,0.7357838971597442,56.74008429184184
catalyst_032,Rh,7.042180034747645,Ce,1.1308805227394825,Al2O3,incipient_wetness,559.419481723539,3.762286781018822,631.4160236557556,3.0699378669730706,26772.40219448773,1.1337347404415328,44.395114863030145,41.85871454220336,0.5956901647536533,74.61368190590056
catalyst_033,Pt,3.1430992356397853,K,3.261293835700729,MgO,coprecipitation,415.72909529513913,2.71751693901271,678.0215907043216,2.2201388418657273,49541.82176380189,1.0772893895033167,53.203301768354436,61.13396671724607,0.5544529169575887,95.1454836877889
catalyst_034,Ru,4.4070921499144475,K,0.8814337359641846,ZrO2,wet_impregnation,662.7593770379264,3.6001365803905307,662.9282417977975,2.0002970249214607,22945.04721519956,0.892044196727827,34.9791905979885,33.26473721190207,0.6262183131637595,88.48106677775979
catalyst_035,Pd,8.724838317990477,Ca,4.195973888420974,MgO,wet_impregnation,765.0179369234777,4.832417935673112,803.9917706819883,2.5742014964174924,46120.16857937816,1.1454107131362483,69.65566151054976,80.5643133217253,0.8295529897410634,66.9348930180146
catalyst_036,Co,8.587828670128316,Ce,2.9824350974884197,TiO2,sol_gel,429.3534710557117,2.07562191783589,639.9692053933985,1.146549579599508,12168.713481029954,1.0812273466936464,44.82551671965364,47.27020308746485,0.6069386957714789,86.38032897531727
catalyst_037,Rh,4.30327109824101,La,1.0475225083700055,SiO2,sol_gel,479.63093915764887,2.9308818886322867,689.095637302724,1.8162202467539272,44604.554681597074,1.1020314093715666,49.74922384560394,50.90234108832818,0.6157753201599799,74.07708309909279
catalyst_038,Pd,9.479543683667227,Ce,0.5231803038428925,TiO2,coprecipitation,715.4098346843856,4.521063698048265,745.3464947559712,2.621087130821365,41214.62823859841,1.0477937305884595,62.674959640045074,63.18089938479215,0.8003246330557319,69.67235714918367
catalyst_039,Pt,4.606284038935771,Mg,2.4339849432280145,SiO2,incipient_wetness,703.4409229731912,3.54389235602879,795.71436643353,4.460914661059501,49242.13237406111,0.850773199438743,65.26520091328925,60.568308595693104,0.9748672856700799,51.1187273646394
catalyst_040,Ru,3.791786915560139,Ca,3.0633411901158514,SiO2,sol_gel,471.2901663921821,2.185863586422558,632.8797879901938,1.4080521894694666,15052.568701336648,0.8487378187157638,17.743453172076233,16.358492677713286,0.6769542716795547,91.81401967710595
catalyst_041,Pt,6.052695297120287,Ca,1.0873254722025707,SiO2,coprecipitation,728.2707141789869,3.633634412192839,712.0961394502189,1.4378828398317398,32506.691369016204,1.0059992785899479,54.98361762860477,55.157833000913215,0.6551624537079319,82.66613504656016
catalyst_042,Ni,5.251409066837702,La,3.408185562239492,Al2O3,incipient_wetness,599.1032780639528,2.774336962996923,712.2265673823374,1.1916996819128023,43424.290227223544,0.8378177184724315,52.77273744386566,56.27013744505823,0.6798986818947936,72.62480469028031
catalyst_043,Co,5.195116069475305,K,3.8882741521870807,TiO2,sol_gel,404.6941523674952,3.171435954437244,813.2865053488401,4.493928749676456,30481.40646641179,1.0146584176224103,49.97205474613296,51.480666017535334,0.8125968184832602,53.260892798371636
catalyst_044,Rh,5.696035725901827,K,3.9508810346397167,SiO2,coprecipitation,431.6998278467933,4.1295938000532475,684.5846185774814,2.4318534081570102,28892.590481374624,0.9328494709688192,43.28544241065214,46.219505385145105,0.8462464241127697,79.4697121858967
catalyst_045,Ni,4.887789215246902,K,1.6422303512172922,CeO2,coprecipitation,753.3427713207456,4.441980723601281,667.8272015856783,3.115131581934591,22762.690220205583,1.1676988415981173,46.90881198648851,53.57943377496524,0.48564021403231833,66.52217063189643
catalyst_046,Ni,1.0917872265189172,Mg,3.408217648929265,CeO2,coprecipitation,786.0679285989552,5.57117151772983,767.7989206910828,4.691503724132803,10439.784724250072,1.1888873323642362,77.05138957217775,83.85774241525573,0.8604942022511265,78.16795733281816
catalyst_047,Co,7.944248847345369,Mg,0.9056400123790236,MgO,incipient_wetness,542.9398408576047,3.550112226137335,738.2954090306166,2.042335132614103,12306.4918334852,1.0515590989553403,48.863514848573864,44.042790152115096,0.623934768479156,65.2761822998563
catalyst_048,Pt,4.005200020826802,Ce,0.44268956828900985,TiO2,sol_gel,431.7276368315275,5.7849539066742,684.4428352557372,4.388308198463491,18786.289733496367,1.0738435833505258,57.967914098419016,56.345189219839924,0.8194519094592265,90.10075000398231
catalyst_049,Ni,7.748768192609842,Ca,2.1475868976906596,TiO2,sol_gel,766.0513813171345,6.22266096131849,652.4068172897341,2.411732612010828,44902.290092128686,1.0788805896613662,44.78092744151179,46.30180301456329,0.6894467473808077,59.41138240239803
catalyst_050,Rh,6.793881680415693,Mg,4.130874690325188,CeO2,wet_impregnation,551.8597318250461,4.112799947052678,803.8809378383671,2.8630533285496336,37782.376175415324,1.1559912988122125,77.59451245980802,77.37245718162559,1.1307933826434347,60.79792383153626
catalyst_051,Ni,1.7143262079473283,La,1.0696501431282446,TiO2,sol_gel,623.2087857921242,3.6004814310439133,705.0429237522586,4.046011144303823,36908.75904847609,0.8700244606463529,49.935629300796954,52.87160821895573,0.8462960844366175,90.977045336771
catalyst_052,Ru,7.0852000204587915,Ce,3.9700835364616016,Al2O3,incipient_wetness,451.77717078897865,2.8111218424008215,801.0163187372842,3.004379809574989,40814.65376713666,0.8464531789465098,41.081833172521534,39.370766265987925,1.0026164729024958,68.65112022565653
catalyst_053,Rh,2.815353414027855,Ca,3.699555546834322,MgO,coprecipitation,690.0427511649586,4.489388730995549,819.3841359776678,3.276900982751478,21250.512956719154,0.9535362573067434,49.38828163700845,49.74092670259453,1.0642044277584581,78.85885955921079
catalyst_054,Co,1.7119203415794382,Ca,1.1736541895156871,TiO2,wet_impregnation,699.8260919508523,4.220025616189959,634.7697796864921,4.800537513937034,42889.93264040787,0.819307938712303,34.6553185967618,35.971660239223354,0.6571759927667995,69.42422982001327
catalyst_055,Rh,9.66563553401177,,0.07500258356491708,Al2O3,wet_impregnation,590.6519530451185,2.4206525329713577,885.1586136440043,4.215790597997997,14368.360196338106,1.1590433670289308,80.25917910485836,79.65781369091933,1.1937551060564038,65.65923511778435
catalyst_056,Rh,8.551917380436409,Ce,0.04348457714531394,SiO2,incipient_wetness,545.1770786334234,3.666770660907532,778.1089108055905,4.819369880319036,22119.96984880067,0.927794934546749,60.83676513705471,58.73633063434222,1.0118559302537145,96.79999807338456
catalyst_057,Ru,4.787977628011579,Ce,4.903743104888295,ZrO2,wet_impregnation,555.580494727905,4.231456665649681,791.2084249933422,1.077869090599895,36866.931076660614,0.875752294103198,57.15959242978178,63.44059465958527,0.8421718531946085,67.08538453761852
catalyst_058,Rh,2.6938856856816886,,0.1256551310673664,CeO2,coprecipitation,738.6399990521168,2.7991987108445517,660.0140837302109,1.1875712650856836,28548.35382726034,1.0358732230704095,62.63614284539859,61.98386200085483,0.5171567873039626,73.217154723553
catalyst_059,Pt,3.2832041055636867,K,0.3342626965187193,Al2O3,sol_gel,691.761694028659,3.23341581120595,869.5414690329058,3.258249276263451,43475.196982186775,1.1893822907579301,83.56794949855824,78.29544113563921,0.7893082759310125,83.47458615251138
catalyst_060,Rh,7.75044879487517,,0.2740980848738102,Al2O3,wet_impregnation,482.27099283356876,4.748652860827895,661.4574833008477,1.3629836759748803,19439.45239605493,1.0667988239960509,48.298174561110436,47.935585054237194,0.656959559609545,57.57293038807697
catalyst_061,Ru,1.7025248373627968,La,1.126270805791037,SiO2,sol_gel,412.25782720738397,2.4767505899375815,765.4089775323972,2.6553625214700927,43640.87090743428,1.1155857087628607,41.5502373576532,37.54191362812975,0.7330453289350586,50.73707022808984
catalyst_062,Pd,4.639480508801201,Ca,2.6211318851634187,MgO,wet_impregnation,585.7735046256784,3.1940164689097355,876.6500233388815,4.208326164445482,13423.716068396612,1.1366985158107925,84.34142889001988,91.005416376326,1.0563533267045493,69.61877502602862
catalyst_063,Ni,5.8810448003544185,,0.14812566015627743,Al2O3,coprecipitation,655.9205707521714,2.9315754998464874,646.3673488763397,4.473117020585317,51396.89925139456,1.0351371847435418,32.7667992609082,28.073904792421395,0.5028925007255455,75.0067081067308
catalyst_064,Co,3.055732585304634,K,2.780460005563115,Al2O3,wet_impregnation,664.5665166124833,5.254623005050083,653.1215294879995,1.077072647812148,16883.149508619535,1.167810878046107,30.603170362574584,32.31506889904427,0.7539096589057179,73.6044979651621
catalyst_065,Co,4.221407064357045,Ca,1.6428387017834793,Al2O3,incipient_wetness,608.2432655534091,2.2992793072266284,638.0831622166252,4.035761804077291,12915.948851062698,1.043166851995477,21.3945113633258,20.888623251215908,0.5121543950115833,93.70819320604066
catalyst_066,Pt,4.733516570721509,Mg,3.293167493800205,TiO2,coprecipitation,755.4843167889136,4.88161487168446,657.2385681104824,1.1446914782515039,20718.81607828706,1.0333918554811805,42.83582522037888,47.98126958632112,0.5730813534702554,80.36434242825239
catalyst_067,Co,1.6937788839831407,Ca,3.6311700184577593,Al2O3,sol_gel,611.385617875134,4.757526596054283,738.4331057658163,2.129622748315914,41361.71037984884,1.1337523298694023,29.122028143504558,29.02645842353407,0.8759591674152638,66.31704715396971
catalyst_068,Pt,2.441162274697145,Mg,4.563487377315244,Al2O3,wet_impregnation,588.3640568922416,2.6380775597492443,762.4008391451905,4.515182818264689,37723.72787666312,1.1184006602972705,67.42477505021708,73.62747423188344,0.9188008956231714,93.57253536767371
catalyst_069,Pd,1.605161304302567,Mg,3.24506730902149,SiO2,incipient_wetness,425.93408464138867,4.253454127736249,904.6866861633886,3.09145866777021,29510.386566861565,0.9388280867396775,80.13635677576603,76.2798014205711,1.0399283635720664,98.76168715088362
catalyst_070,Rh,1.3980877915734475,La,2.2622013226906352,TiO2,sol_gel,609.7169351170278,4.644595541662712,802.2427804642483,2.4146786083270624,31044.619483713803,0.9821500323376794,70.3178283628326,65.64164038760272,1.018059928360582,49.29164691008879
catalyst_071,Ni,6.462054269409081,K,3.3983886152120197,MgO,coprecipitation,606.746911622342,3.6211355288523475,870.2595567705613,2.7284714326101356,27908.198732240064,1.1744957478100646,75.48703415030053,67.68889796527175,0.9893119876411729,63.30755851743314
catalyst_072,Ru,1.026552060723188,Ce,2.1846438611074452,MgO,coprecipitation,626.01193419427,2.9460844552026573,718.7305308691747,1.5569817491488613,23938.807491787826,1.0158569113818494,30.222442399543837,30.70059549582657,0.6904578237443372,62.779203660171184
catalyst_073,Ni,9.725329524585954,Ce,2.0264445357140133,MgO,sol_gel,535.6597559891246,4.78890821793697,665.7834206600265,4.79843880084777,42631.574402365484,0.8313815359383917,56.1941982811115,57.19405622298756,0.6173246990102216,93.21372531488407
catalyst_074,Co,1.5967896835650444,Ce,2.335165988058277,ZrO2,sol_gel,731.9866588575994,2.71522001039042,848.3436832429525,1.4779893697651307,13038.036089016885,0.9502528379294333,73.8373783438285,77.49046877276449,1.0586515420549893,92.94675353769107
catalyst_075,Pt,5.449435007791205,K,1.3644865981405718,SiO2,wet_impregnation,612.1509349187959,3.9574700326926124,889.5006006041017,4.6931741408123315,29128.852939112956,1.0389476548289107,62.298896688322195,58.443424982994316,0.9925864024374027,93.60622596686359
catalyst_076,Ni,1.1099953993537321,La,1.2973454307354615,ZrO2,incipient_wetness,776.8544971478714,5.0008350765422955,680.3463213291852,1.9392442421074922,11621.218133039327,1.0754165304707033,57.34637702491042,61.87986781198016,0.5820128105200189,83.34307074307155
catalyst_077,Rh,1.3016483985291427,Ca,4.3709513674387495,Al2O3,incipient_wetness,614.9124439348191,5.697616763550762,775.3871443252077,3.655952549012286,32964.82955374403,1.1761576545911454,63.454516988294294,67.57598062392984,1.0343784947110828,89.97325069600389
catalyst_078,Pt,8.643647104306734,Ce,3.506552601025868,MgO,sol_gel,663.7313629609969,4.482848552165462,845.6432445541398,1.7579967248392745,44949.144139956945,1.1392018168001952,72.35528715466317,73.89098256914397,0.8840913821298219,49.747400735227664
catalyst_079,Co,5.5748248933458715,,-0.024971861487652822,MgO,coprecipitation,387.3303352157775,3.2075681907737055,765.875714462646,4.744125232752547,33975.0367480195,0.8973366582372357,51.80037755923067,55.44754395832055,1.0983313605394196,64.56115497410609
catalyst_080,Co,4.037490994212044,Ce,3.4022701595915543,SiO2,wet_impregnation,777.0453396881213,2.507840309976389,863.3827166412896,3.832235719223255,14119.90445273174,0.9375055311456157,65.12529169183938,63.87634587123698,1.0502822048946254,53.203529806579105
catalyst_081,Pt,9.603597833409832,La,3.303016378384175,SiO2,sol_gel,579.7891370738978,4.60831311222912,799.7518756334916,2.5475872622538613,10950.180196257086,1.1374791503642994,73.75134768813398,72.99153468000667,0.8127222896415476,70.47971072013026
catalyst_082,Ru,9.278797951697625,La,0.786195892090475,MgO,coprecipitation,737.4430506027425,4.236969496828281,848.3193475267365,2.2912631079596415,43802.0268602892,1.1084138366794343,59.2023205480411,59.93196052333703,0.94226055424679,58.495291381718005
catalyst_083,Pd,9.59984460002437,Ca,4.304287836020141,MgO,incipient_wetness,790.1816909284614,4.9559098950787535,733.4606754403957,2.4446474512156073,23570.110851652957,1.0743552742215832,48.4952031289453,53.195277412970775,0.8252663775864065,66.14562092197384
catalyst_084,Pd,2.7879726264701934,Mg,4.239769133895269,ZrO2,coprecipitation,704.6662149370326,5.154453068950921,843.3729638484806,4.156215257936363,32876.272103997064,0.8560062175497584,89.95979166817973,89.48000209434629,1.0432907000807297,79.75979641718857
catalyst_085,Ru,4.601776893680546,K,0.5900462762463674,ZrO2,incipient_wetness,604.1552675460119,2.319684487613664,765.2751138876065,2.210950436770946,42536.72089677059,0.9168430641015886,50.856780344750746,49.844392868617945,0.8512187918959352,69.26990453196926
catalyst_086,Ru,7.776850156907461,Mg,4.584554650248213,MgO,wet_impregnation,740.2668661203893,5.025956008070487,837.598614072193,1.5765664630317264,14274.5352476848,1.0380029290201562,53.6528443942308,50.13771946961566,0.9316353224639288,75.78449027955071
catalyst_087,Co,5.74623207700563,K,0.4027277516622636,Al2O3,sol_gel,523.085738750992,2.33009262779966,626.5125621495799,2.534814069927945,16369.215426111192,1.014788201943263,33.99489828767624,28.406911673580197,0.6130821741540008,83.27314460024485
catalyst_088,Pt,9.266124421267904,Ca,2.7847632596436274,CeO2,sol_gel,670.0228596173664,4.229459192544599,681.4520008690619,4.724766857359079,48188.94538491253,1.0552698609407811,61.319653573971614,57.45654374062654,0.8230997913202872,94.13275491214202
catalyst_089,Pd,8.060755489004384,,0.058403976154106786,SiO2,sol_gel,579.1530673666068,2.0303637842939253,653.4631039882998,2.8523103198917683,39212.41923105736,1.0240540322144431,40.03694210856898,38.907861437611615,0.8421663231566096,94.9933687033847
catalyst_090,Pd,8.12089066115316,Ca,3.026038625124105,MgO,wet_impregnation,595.2710899638269,4.373370200559057,817.183967252634,1.9782944378524083,49985.21359904606,1.1871643188662353,57.41357523047037,61.67062392281818,1.0004523488136188,70.45718153809409
catalyst_091,Ni,8.392133463836057,K,3.6334730093824454,Al2O3,wet_impregnation,689.6311168437886,3.684208681474572,688.546508313133,2.4989747904190254,49473.64133432352,0.8163144367146336,46.98401219078042,47.65012705951271,0.7974990282817903,67.75645002204946
catalyst_092,Pd,8.303185010442062,La,3.2995309248977223,SiO2,coprecipitation,776.3402073563458,3.241578170003907,713.277270531939,2.4972925123185994,29766.90816475119,1.138874488941707,66.5971472404741,61.85016578178779,0.6421279429717274,56.84095799751626
catalyst_093,Pd,5.839029915909667,,-0.08761823558575786,TiO2,wet_impregnation,568.4520473394845,2.428195363132864,724.7990085928725,1.4066081463417126,26494.142922541447,1.031448789847532,69.3278499892431,62.73875103500017,0.8281619514198831,68.84866007806684
catalyst_094,Ni,8.392156615982827,K,-0.06489006038823875,SiO2,incipient_wetness,638.4613196401527,4.488926952874675,720.2144656481431,1.9944792246027208,19060.295543382515,1.1516149554178432,31.165870261280563,34.02284922021552,0.6799301617783574,88.73716989514583
catalyst_095,Ni,6.239116731086298,Ca,4.870797458697407,ZrO2,sol_gel,503.22576969217823,3.1940566501335974,705.2733371563447,3.3441433401126033,25100.79536518327,1.0085392100274742,60.97325013498694,59.6728342036992,0.8277354679788095,93.21671737411295
catalyst_096,Pd,1.2911163191003725,Mg,4.822303000889841,MgO,coprecipitation,470.70960775845623,2.9482946520905973,626.7160393521577,3.5310491497483247,21490.177709570606,0.8790448360263181,49.62419943119626,49.82870850545692,0.6145421100516933,96.30098269804496
catalyst_097,Pt,4.348579381373929,,-0.0075754630785817385,SiO2,sol_gel,807.2319790528198,4.3122098781630145,693.6163578576658,3.426168908611493,24147.820351510127,1.014798120046343,37.08619980175421,36.303563129431595,0.684334431873102,80.57833047469171
catalyst_098,Ru,3.539461338905674,Ca,2.9070393587963728,TiO2,incipient_wetness,772.0097510086689,3.490006143317657,611.6387360577796,2.1008145911355305,44490.666662128075,1.137886494236347,18.008929871277513,18.63914784640666,0.5333141437799764,82.56209307780227
catalyst_099,Pt,7.315472773790446,,0.2862368786539862,MgO,coprecipitation,631.9694272951187,3.472534565412615,651.2301250100961,3.374341755603049,20495.591891259985,1.146633963642879,42.00902428217243,36.82440589136368,0.5480311670118353,67.88740931839244
catalyst_100,Ru,4.621560794199272,K,4.545103055773494,TiO2,sol_gel,745.8269338319901,3.318726861102982,868.8954697701666,2.447402175832899,22427.08731277118,1.072292613208754,68.08931426539512,69.80988359855414,0.866875133121276,81.74613256652003
catalyst_101,Pd,5.915599424477576,Ca,2.6197108620125116,Al2O3,coprecipitation,582.3811325720108,2.023039287828027,779.8917048965956,1.8275553925697314,35183.20698632221,1.0889439197969815,85.12681443536859,93.72890835701241,0.8524823358818198,72.37598916593925
catalyst_102,Rh,1.7039128948466025,Ca,0.8104525213719888,SiO2,sol_gel,609.6831296322105,2.9488824408100434,754.1574651569488,2.6300208933376052,31273.89447973285,1.108428990892121,57.932416249779024,62.22590483126394,0.9117810143205527,50.74462882608772
catalyst_103,Rh,6.622796179755928,K,2.0674595759669177,Al2O3,incipient_wetness,475.4388537027861,3.939252305005001,672.4841656375979,1.7896335385340907,35370.10354245534,1.006788691067232,47.53349883925417,47.191520571227876,0.6595588245834012,64.6821141316865
catalyst_104,Pd,4.107429976398029,,0.16531468747353406,SiO2,wet_impregnation,782.1519765247897,5.024281227652965,762.6982083076242,1.4461886101728776,43739.77326768269,1.1103634521047856,53.70364683460407,57.98169974803878,0.731534766794239,62.24304685999611
catalyst_105,Pd,1.6385110880686853,K,3.7472847809380987,ZrO2,incipient_wetness,562.4452729797667,4.066818368804292,630.8645160032603,1.0005223473312044,34839.1482988997,1.0421968467406295,57.96561134701464,58.24990741292898,0.587200752524773,71.91086341685515
catalyst_106,Rh,2.9603907337267885,La,3.9594733087664338,Al2O3,sol_gel,513.4521324130254,5.388150154966903,708.6814474016127,3.6190541866344113,13835.320145888298,1.049484340831719,78.89737442323808,72.32039536275722,0.6006955575365974,90.12876703970572
catalyst_107,Ni,2.662389480504479,Ca,1.7621357428633853,Al2O3,coprecipitation,477.7977040320154,2.7817931178925708,795.2240140927111,1.9738499938039125,36057.8964807026,0.8060467217192642,52.14177684232895,58.93042178857483,0.7873011033924759,66.7088413163366
catalyst_108,Ru,6.61752861609764,Ca,5.2540150900160025,Al2O3,wet_impregnation,445.32718875438144,2.5634269174272672,812.092640665921,3.4075043456825185,20416.485659400078,0.8472359018941756,48.50647152408074,46.816143307656986,0.8111293399308587,79.6932468282228
catalyst_109,Rh,1.6567646344625024,Ce,4.185413870935089,ZrO2,coprecipitation,513.3520923565121,3.9748373571013325,852.2255872813043,3.6249606033687276,30616.71656467862,0.9287592535208704,93.88555136531592,103.04924038687666,0.9203689697996471,69.52909544392723
catalyst_110,Pt,3.760817947858728,La,3.1488844553274054,TiO2,incipient_wetness,446.0946615529481,5.712598880286364,797.2940069245824,4.123474490121445,19315.985917104746,0.95029829590909,82.29403449595237,68.8478757379024,0.8372391046617608,81.7591168617478
catalyst_111,Pd,3.0428433386176947,Mg,1.81384193408139,TiO2,wet_impregnation,480.28687823827363,6.024646822539274,885.0808701005133,3.10588978065581,44195.15801452918,1.0206001016797839,71.6423729563568,76.33531134853438,1.0954967626496508,80.68424422444015
catalyst_112,Pd,7.182454071181999,,-0.18738217802962295,ZrO2,sol_gel,431.1133301586762,3.1415459010034326,679.8641455288465,2.414002587441465,14114.583654617429,1.1746122556719611,36.35506780517405,38.49606340315433,0.683259452253406,94.20070018054636
catalyst_113,Co,7.804713774657891,,0.06789221434000631,CeO2,coprecipitation,636.7942376462574,4.252162986195203,726.4921932242405,3.075402210409927,26619.34101304573,1.0176073848941873,56.49986785959129,57.780463894405585,0.8349018441812219,89.44111019120552
catalyst_114,Pd,3.6651929382686976,,0.18065461328369975,Al2O3,sol_gel,419.8020775708897,2.805834345038036,667.8144096029926,4.698842256608127,33300.1996198048,1.174915577967129,41.33627126650311,37.39379868868195,0.8843238711219154,72.22633462649209
catalyst_115,Ru,3.0094138292501866,,0.06156442614399177,TiO2,wet_impregnation,593.4777636389367,3.7101454539116654,646.0828428291622,2.524497373274894,13729.756303238533,0.8070000887752268,32.91432225438947,29.234919801289507,0.6276778425216962,93.31022989573238
catalyst_116,Pd,1.6952772309853126,La,3.230424833259887,MgO,wet_impregnation,472.9359670290527,4.623180207682156,787.147374397194,1.536747415473735,11886.876659554362,1.1072324729856446,62.54441921560167,70.95395971248882,0.8693362094604388,79.72495407826928
catalyst_117,Ni,2.2735537397398398,Mg,0.7542560737472475,Al2O3,incipient_wetness,530.9959344408273,2.460600052790598,809.2886390040806,1.31337843475176,29755.761850425595,1.2032180652581126,64.07412441902835,61.0928996231844,0.9972141187129974,80.9552370085791
catalyst_118,Ru,8.902992889036788,La,1.9998568343488667,MgO,coprecipitation,464.54299022012026,3.4747652136053757,721.4195448792977,4.348901855358162,38087.810545794375,1.0963559228130058,43.19595921572535,44.56179130452479,0.7324165218724804,88.2808316101546
catalyst_119,Rh,2.823383356982393,La,3.1302123183595514,SiO2,wet_impregnation,515.0465952551408,5.373100420754463,785.4555056452076,1.9580174781351338,11382.657557412955,0.8280747737532752,53.701312642957504,61.20465220346052,0.7837630759539882,90.11651691463712
catalyst_120,Rh,2.540782718219653,La,1.6611113620711362,TiO2,incipient_wetness,687.9135858139842,3.8234584819100847,717.6840376272637,2.451172452687091,29983.488628583204,1.1176721939714256,49.602161037047225,49.60828507351969,0.7985196426006278,53.28417744648923
catalyst_121,Ni,1.6641509320471348,La,4.567796841969158,SiO2,incipient_wetness,597.6273211625358,4.765190322940035,789.9124393467699,4.513840047797934,36872.271508193604,1.0608753560683843,64.90145350074303,61.21298645445591,0.8422795004874387,96.03789888571923
catalyst_122,Rh,7.7746444901278915,Ca,3.287262454345293,Al2O3,coprecipitation,713.5603223666017,2.447231294744666,613.5574135615708,2.859311073604947,25524.40035880441,0.9857397852038231,27.314135442649224,27.23193239365437,0.4975468017267721,84.69981574240569
catalyst_123,Co,8.726986127015232,,-0.23786437828033322,ZrO2,sol_gel,715.5054772308156,3.1137885314121863,890.5684914405574,3.6236705744161544,12874.448612992152,0.8841104377381804,67.95628883771093,78.7524646330825,1.0851343186784133,51.835704195880766
catalyst_124,Co,2.3999248396555513,La,2.3969399061149117,MgO,coprecipitation,465.2853002606451,3.9894232578483124,864.2284935491465,3.1621503989369892,31712.59243794027,0.8592276075314217,58.30810524758344,59.7665108416788,1.0599897474338102,73.05686956320814
catalyst_125,Ni,3.241807600202114,La,4.56540999365179,TiO2,wet_impregnation,694.187900582774,4.127705718352535,605.4130871784677,5.076672716144092,36015.18400684204,0.9321635491741725,35.19776931146218,32.50562332072921,0.5718823587275252,86.66164235340064
catalyst_126,Rh,7.154532335845245,,0.11432925028366667,TiO2,sol_gel,729.9200160897789,4.479861723554756,659.4028375438003,3.1935539987798336,50469.851949698816,1.1622788806535673,44.71459128536078,49.92587297464631,0.5296883209026333,72.15224584024733
catalyst_127,Pd,5.930174125033753,Ca,2.889909477483289,TiO2,incipient_wetness,592.7663869442891,3.0763621810738764,777.4619247579084,3.76974236945858,45178.36509832075,1.0795018513167085,56.79934172387501,54.57559068013472,0.8701987664337684,87.67712272834572
catalyst_128,Pd,9.503592170792697,Ca,1.0120815067084545,CeO2,incipient_wetness,573.9238032632799,5.034908253888014,666.5345685948449,3.2562907028500403,38286.716314305166,1.0400369121438204,48.02277569845601,49.90662112049341,0.4819984866876751,74.61285083699039
catalyst_129,Co,1.4481397595016878,La,3.9285389170729115,SiO2,incipient_wetness,485.1259821793851,5.680589313691032,704.0546158761155,2.369161154300845,15284.011633769662,0.8996404950879472,36.52037020650883,35.05368927451522,0.529038799927988,60.99067737361444
catalyst_130,Co,4.490977782749113,Ca,3.41132524105739,TiO2,incipient_wetness,408.1636197835956,4.479314624861832,701.2198704579828,4.057539208483926,11476.694869082598,1.04329279905313,56.4854837506737,48.87237333866654,0.6791467952791442,58.7732531683147
catalyst_131,Pd,5.457181624925364,K,3.400849948407839,TiO2,wet_impregnation,645.995185530481,2.1110724060971213,691.3736294292561,3.644589984540488,14758.73958307506,1.0838830000900173,55.67093075193473,53.16929121463084,0.6463809181603506,58.568530065519404
catalyst_132,Ni,4.053055223596015,Ce,0.1817865239688693,SiO2,sol_gel,718.2358440059684,5.179047738141844,817.2714455312716,2.0629868200172634,17597.365861498834,1.0591243418701333,58.1876664809316,61.78105545862469,0.9706011403201035,89.528661370215
catalyst_133,Pt,6.086654733204577,Ce,1.161483563615911,SiO2,coprecipitation,537.5182204572261,3.235880870973005,593.4394125681998,1.1667179700176549,44219.941123770215,0.9058821332120479,26.831013660604263,30.10816323286129,0.5430337936090935,91.1445181171901
catalyst_134,Co,8.800640529966623,Mg,0.8983149449104726,MgO,coprecipitation,724.1896060058573,3.831599416176947,745.9109985511491,1.5505869350149022,13667.808487129685,1.0846608337958663,19.977882551252417,21.125925944954886,0.754837826717165,53.932611891842356
catalyst_135,Ru,2.2752305145802842,K,3.806592857266073,ZrO2,incipient_wetness,644.5952012085908,5.953128449123826,612.4320167502266,1.1323875426108236,22125.027833409436,0.9119192552975951,33.86807711353153,35.01908713875968,0.5393409223467996,68.86385270091857
catalyst_136,Co,3.669387762291545,Ce,0.7587288685124024,MgO,incipient_wetness,739.4338072340989,2.192131342078827,801.23461534239,3.1767846431967386,25326.664966057986,0.9368281465987194,53.50379414583807,50.31590853556979,0.8779748796853178,80.66547028147819
catalyst_137,Pd,8.134900161502093,Ca,3.857117061469156,SiO2,incipient_wetness,662.9001904294033,3.8496983984804793,893.844402478242,1.5903430556941056,37983.34078368926,0.8768084763616741,70.45423091411399,77.42971398114118,0.97339852518988,65.06405792223764
catalyst_138,Ni,7.701953871947735,Ce,1.9206122269495758,SiO2,coprecipitation,429.6034250736661,4.631442071077551,764.3990456454382,4.9942062019422115,17380.956895546627,0.9777878244600402,72.71565839126768,72.24258143656039,0.8219908067487145,52.35138163273025
catalyst_139,Ru,4.47618850025083,La,0.8928319078742433,Al2O3,sol_gel,672.8161121027364,2.9804964853061815,634.7554001147005,4.3991791194904755,28015.147699555982,1.099795746541233,35.93999373400486,36.21320017675468,0.5165105426862396,71.06656491122204
catalyst_140,Pt,2.4999702324471627,Ce,1.7547886777321038,MgO,coprecipitation,704.3114112887947,3.830432809045457,662.9656901636848,4.506413581286934,43135.64802678602,1.1541008847923993,46.973953879864034,53.198776484212964,0.5072271540534402,76.09471008318214
catalyst_141,Co,4.285514122868851,Ce,1.2779724757966124,TiO2,incipient_wetness,552.1954822578426,5.237769892441737,702.8959221228132,2.7688586109636937,28570.26966204121,0.8527798654504184,29.73100964178957,26.230670599505984,0.7098135491235626,66.54023610758466
catalyst_142,Pd,3.397901928632271,Ce,1.8096060577005777,ZrO2,sol_gel,668.2869922482427,2.8696889729202013,872.3007057730647,2.8899803619796667,25866.28915589316,1.0322659692341496,94.69183714320027,87.22126513304174,0.9323322242774823,65.45558678030875
catalyst_143,Ru,3.0544551110820026,Ce,0.8517446851677513,ZrO2,incipient_wetness,771.7820436285,4.5323637531200704,634.6011194287263,2.8937166407900534,34870.882079344155,0.8457866389776975,40.96629960278802,38.544921446338094,0.618098599167256,96.37995605896663
catalyst_144,Rh,7.4579026335772385,Ca,1.5234004414812128,MgO,incipient_wetness,804.0995168436708,5.939386664393489,804.4135729700705,1.495135168791232,36809.35692064747,0.83638932503171,59.33731291799947,65.44437657224779,0.7932248744564147,90.47650922081893
catalyst_145,Pd,1.9601498633332957,,0.03334287693177008,SiO2,incipient_wetness,686.641547051559,5.868557486009924,868.7329973567172,3.4907979944523344,23558.515578776678,0.9056435954871487,76.15499547860605,77.80201082831897,1.0767570650981129,83.9849063943204
catalyst_146,Co,3.127165444907313,,-0.04796296844802179,Al2O3,sol_gel,468.54925837620294,3.5895696058487006,728.8146230788401,4.225798377647813,37048.62540563637,1.0426422762651313,47.52626427165221,49.031875470668226,0.7265105535968375,61.93730699327687
catalyst_147,Ni,6.96120033977299,K,1.4434536754397422,MgO,wet_impregnation,676.6841575170411,2.576810369260668,659.5250851961611,4.5279841978625175,18755.587891464336,1.1207683584682282,41.91747223769955,46.3986156966083,0.4732870992574052,60.54660833358993
catalyst_148,Rh,3.629107192203317,Mg,3.2377027721412768,Al2O3,sol_gel,772.5773624778417,5.570350317971526,828.7702727679344,4.112397982598628,35731.770956734734,0.9131616209573818,74.45852650558678,74.26812677990243,1.0169102719663998,67.94256189041688
catalyst_149,Ru,8.327149153848609,,-0.18767900217613806,TiO2,incipient_wetness,613.5274555497565,3.3537794165472032,895.8891908109566,1.3293549970640368,26828.171495274695,0.8178815334172967,67.55268380113641,66.44825947937213,1.1516250456755115,81.65063588808147
catalyst_150,Ru,7.658932688641486,Mg,3.9854187575856908,CeO2,coprecipitation,436.93178331633936,5.924143491467361,802.4674506630944,2.2638019459500263,45034.34454484279,0.8947897934550647,62.112836237204476,56.830236777164,1.0914266740495273,54.802617210039884
catalyst_151,Ni,8.337402050693475,K,0.7085436554706241,Al2O3,sol_gel,459.74169840160306,4.944454652994313,780.6543279802428,1.1491728419072555,47574.56139464515,1.1520892135701515,43.96170113596525,52.524422419970946,0.6907134264011245,53.3413151254023
catalyst_152,Rh,3.1212319920120426,,-0.10065845080799878,Al2O3,wet_impregnation,574.3622968786287,3.042755511824292,842.0313836575212,3.2215361695337195,36466.95352286212,0.8980475786925599,70.00155952684683,74.63132046530762,0.8098972373869049,91.72306743977141
catalyst_153,Pd,1.602503877436251,Mg,4.655050816129343,Al2O3,wet_impregnation,403.3992582773424,4.848744555679176,637.2641639861661,4.826673358470562,29628.815546663474,0.8289787034122191,31.171220031317674,31.192031417272812,0.5258955924724363,81.4465471746165
catalyst_154,Pd,6.783882704538435,Ce,3.368188941272427,MgO,coprecipitation,432.9049414458041,2.8536149383385006,840.1883852138177,4.951403425984153,19923.55920037905,0.9179976263399174,79.87868621856728,76.58927108940783,0.9644033832919332,55.43170543768999
catalyst_155,Ni,1.4688070720648534,La,2.719694547460592,Al2O3,wet_impregnation,781.9721444720486,2.789900344989511,728.042489292962,2.662070145654384,29710.554163168188,1.0531332734905365,33.028696145387926,36.81006772512229,0.6237305585729187,76.01803067338825
catalyst_156,Ru,1.8513073906397266,Ce,4.177944749606075,TiO2,wet_impregnation,743.7858119400458,3.217984406858256,714.3203938637291,2.674415256973466,15900.750570889453,0.9700274777616664,41.721899501238276,42.94866859725739,0.860969190782627,66.192404139362
catalyst_157,Ni,1.4292420457899546,Ca,2.1544942165688887,CeO2,coprecipitation,764.0341771958123,2.6491114092033645,707.7303638302834,4.0040866905562575,45187.31296354479,1.0768535254295715,62.13355333728631,60.016338225579815,0.6214739741793464,96.82778122266943
catalyst_158,Co,7.22502553065929,Ca,0.11266056005111966,Al2O3,incipient_wetness,496.50061360740074,2.3013845648019786,777.7826530674557,3.7347245102065703,13328.587238446868,0.9442480174123434,29.97460599436313,26.155944355640298,0.7637868019258419,75.7328289185991
catalyst_159,Ni,2.0657107925916947,Ce,1.4734018320511746,ZrO2,incipient_wetness,781.3317477363571,4.729258558715284,810.5654092107989,2.2846688379541704,34970.60310262237,0.8134697548408074,80.32979794694819,79.49698021191125,0.8961425669699331,58.500995150418646
catalyst_160,Ru,8.634770162950927,Mg,0.4210707614571484,MgO,wet_impregnation,620.1739892780522,2.745867114772788,598.0306929465647,2.6539600532986447,20590.506754875692,0.9863106789096747,17.544201063244156,14.311314196946968,0.5005878032053587,61.61856783443072
catalyst_161,Ni,8.311392705871762,Ce,3.325672278166958,TiO2,sol_gel,574.769635748565,4.5631783201922085,684.2493355448066,2.2218619610202976,41927.859929839455,0.9838639726871747,50.77483236806018,57.050392732875515,0.6929233771614166,85.8132634510898
catalyst_162,Pt,5.9913029774118485,La,3.491541252431101,CeO2,incipient_wetness,685.6272191048215,3.581140258856137,650.0138627320476,2.76571801772096,15504.138120444453,1.1477343078218938,49.412923955671104,43.327991227822665,0.5748169223699738,66.87621449219253
catalyst_163,Pt,4.362344166703118,Mg,1.5228593642948411,CeO2,incipient_wetness,658.552878802454,4.477338609549443,712.763217580766,1.8417707842180413,48683.59557961302,0.9879651225272391,55.63389504715386,51.66377038662364,0.7764184673572265,94.82718531420346
catalyst_164,Pt,4.4052058279151245,Mg,-0.049710392230084416,MgO,coprecipitation,399.50109848114533,3.5502001406246326,635.976852252965,0.9737885175958341,38269.61779240221,0.9852066181180221,45.93270165874733,46.28355839330239,0.5688523962782327,65.68322621915517
catalyst_165,Pt,9.672899522646114,,-0.09297562507177864,ZrO2,wet_impregnation,634.7929623097716,2.353162446251773,777.755593651414,1.511077010660818,12122.252397602499,1.1707030879963636,94.16500226132077,89.85263672831883,0.6960123304574026,88.79583633365709
catalyst_166,Pt,8.626687977728515,Mg,3.788498229613433,SiO2,wet_impregnation,488.0875220641865,4.049773631846638,788.206119498589,2.035804505061003,42700.44329895634,0.9996131660218665,70.56673747609875,76.75824774159332,0.7984432777049412,78.71002931185939
catalyst_167,Pt,8.447067831244322,K,3.521715034819904,CeO2,sol_gel,517.4778674569516,3.0228351384177703,836.714081529872,2.835421791736572,41015.748567228446,0.8438949971053114,85.08101242434375,88.28800214699959,1.053989742296843,97.0951119624695
catalyst_168,Rh,4.033143339429507,La,2.220858566348354,CeO2,incipient_wetness,429.75060333818755,5.021325643551267,768.3413386440238,1.3446674169591608,37115.67846956077,1.0049631687969187,73.3788047711448,67.35501116074562,0.886264712602691,90.77081011572966
catalyst_169,Co,6.232476320334682,K,2.853727238602426,TiO2,sol_gel,567.1559034550511,4.286309008314838,878.4557846816856,2.5397938301507743,39780.81726022422,1.1842346126050727,44.328466554106996,43.6058793362249,0.906356837854057,77.3637135159131
catalyst_170,Rh,1.9769633652803322,Mg,-0.046098804892548514,Al2O3,coprecipitation,658.6266982524327,3.135937897477998,671.0457347838205,2.2351227604046886,19932.165066956648,0.830098437504338,52.791766753674565,60.19357812148309,0.7061654305043453,85.24722026962036
catalyst_171,Ru,6.2115973739542145,La,3.447718637381795,SiO2,sol_gel,732.4310212443675,3.533770332519948,808.9114585611219,3.145268682029522,43022.39856399462,1.1975427303871338,58.35116343684722,62.5810098067093,0.8747917354289155,53.9003231441903
catalyst_172,Rh,7.6435501860898745,K,4.128285377932454,Al2O3,incipient_wetness,626.5276537927962,2.5888891363437647,756.2237462668502,1.1726899290371922,25714.473633835412,0.9826028832710807,57.011093136471835,51.13376444489135,0.7299175380015978,78.7213465679525
catalyst_173,Co,1.808303076725826,Ca,4.211237919504307,MgO,coprecipitation,671.0869749763968,2.4574857003600004,846.4577123366613,2.2335395667939566,28834.52755564234,0.868729950388087,65.90866344202237,62.07755789146138,1.1330863263787665,62.31244501937571
catalyst_174,Ru,1.36145777199572,,-0.04173794738398477,CeO2,sol_gel,643.2832108092962,5.485056669857005,755.2800697981852,1.7522283386761521,11741.800124769705,0.8782366110121401,62.664234169274884,59.25178129163969,0.7724848680990659,72.25484297501306
catalyst_175,Ru,8.180335183342796,La,2.91085429962867,SiO2,incipient_wetness,655.5822751054006,4.110498543587744,738.6403411995583,2.0560709209898533,22542.512165494452,0.911464063115239,37.731358296025924,43.52940687057575,0.8054574798261076,62.501721731335344
catalyst_176,Ru,8.895004779130945,La,3.6000373430714583,SiO2,incipient_wetness,503.69535476371493,3.5909945915255177,627.2422004598249,1.5034967891347095,41970.77138741292,1.1017686068069668,33.13001455067586,37.67100595405884,0.5631220291500199,50.20840891272007
catalyst_177,Rh,1.359588176403622,K,4.561339119481314,Al2O3,incipient_wetness,745.0469748306024,2.6369698332323583,771.8863351826819,4.423967243907981,33409.51499484253,1.1462222466193757,57.57621866693338,58.11390246624694,0.8972392223642618,95.93898914879348
catalyst_178,Rh,1.1337814110453404,Ce,3.016205124911422,SiO2,incipient_wetness,766.2239754370947,5.196514612835427,811.4784235907133,1.6281398529453999,21105.071214183135,1.1772337186119517,66.4709220370283,59.543057766265925,0.7998974429133322,83.44491590651364
catalyst_179,Ru,5.307705832406845,Ce,3.248455671127328,MgO,wet_impregnation,821.0613311683351,2.530474821164922,743.015737737507,2.6187831813489066,42076.183080000315,1.001576368143257,48.88840769486031,52.72831127787282,0.6968991832148129,53.27696104243125
catalyst_180,Ni,5.764784781042291,Ca,1.9351567930278257,SiO2,sol_gel,675.1393814847459,3.513356725306519,875.854953816947,4.057907390327489,34947.1610923216,1.1105047512626645,73.6822839281622,67.12283373529748,0.9985426809488538,64.55019143132111
catalyst_181,Pd,7.023579806818809,K,2.183751924500074,MgO,wet_impregnation,603.756432484442,2.3871812198606355,616.8603833636695,3.507416591174924,42409.39165417387,1.1047400505019318,27.08906947316149,28.64855672849801,0.5096792845740619,67.3289963746738
catalyst_182,Co,2.1787888759724976,,0.07632866547275609,Al2O3,coprecipitation,556.6423723228108,3.9660809536654744,720.6347548200569,3.029135373463181,34594.91900026209,0.8236074354413382,40.128896432179396,43.76245344883707,0.726706116948227,86.54760268080032
catalyst_183,Pd,9.841209026066847,Ce,0.920990496340262,ZrO2,incipient_wetness,408.9474449650695,5.084963918154952,851.0921582961488,1.4873488179426304,22913.296091309734,0.825934674372277,91.85490294774628,90.6193764655204,0.9311970937997853,81.34347288541072
catalyst_184,Pd,6.705380686986023,Mg,5.219324035162369,MgO,wet_impregnation,737.6071387702939,2.3303482765613213,864.928709906147,4.2204744377766845,40855.559355160636,0.9926607572352489,62.39637731388903,55.31789686937185,0.946887490197446,94.2006718257206
catalyst_185,Co,7.720394766322329,K,2.325540685318598,MgO,coprecipitation,418.03372423089706,5.539352833501479,869.8435082672204,4.15482024197056,50785.66402919765,1.0109292742055058,52.26318382139421,47.134534211112985,0.9919175106114607,92.05254479521074
catalyst_186,Ni,6.009543624753932,La,0.5729588071921659,CeO2,sol_gel,714.8399012450755,4.667811722341908,708.840903535046,3.7939115169770177,19314.83439136629,0.9240160001752024,55.25718477988284,58.10151197740849,0.8122834970032913,55.494402769469794
catalyst_187,Ru,2.570985597300084,La,-0.026617300135814086,SiO2,coprecipitation,662.7060717299295,3.7017971268153627,639.8550900579801,4.798860577443291,31482.195000157877,0.8954134861923625,49.74033306658522,45.03406515720348,0.5827137275240322,95.46682164079355
catalyst_188,Ru,5.863309215023364,La,2.078197705451433,TiO2,incipient_wetness,412.44806392281623,2.5575950641470984,743.5788168393267,1.7703094586128423,11461.832768479067,1.135933075793716,43.455515353439196,45.46210559825737,0.8002656348851921,77.89852081392755
catalyst_189,Pd,5.6366085348885635,Mg,1.1789253076432542,SiO2,wet_impregnation,554.7980234692585,5.789953011176662,644.8103260650373,1.9464722464282052,9911.085571856212,0.7912817845810569,50.46114054906127,44.85734105460768,0.657964217233452,95.76587585275782
catalyst_190,Rh,7.970086197002547,La,0.7597407320839847,SiO2,wet_impregnation,594.9890054369574,4.9394168048963705,665.7874170908577,3.7206086009899177,37138.82185170065,0.8662205733362371,62.43641480441183,60.35967023813439,0.6936258796442156,91.92556114040433
catalyst_191,Pd,9.292865383232673,Ca,0.980902448599621,ZrO2,wet_impregnation,664.4680992476218,2.7287519893845493,692.3183504075768,4.214191979387216,38646.333309539725,0.8257691388135591,56.059249528361164,53.48912391672849,0.680270530165535,49.51485478531746
catalyst_192,Pd,4.689541549584648,Ce,4.55385858284577,TiO2,incipient_wetness,821.8075630713246,2.2078058035203942,831.6193766075057,2.549408078175862,24820.282394508893,1.0999093967528635,57.47493507218432,61.859855359638075,1.0701387424775652,69.70083723483992
catalyst_193,Rh,7.068609484965526,Mg,1.1758168229644643,SiO2,wet_impregnation,466.69104115539767,5.806920681951336,643.921717408326,3.0664621210453915,20007.229408023293,0.8050769219901266,36.48820426031106,40.70678198747402,0.6098970785728249,86.01477125391926
catalyst_194,Pt,4.2479204519857525,Ca,4.169262812031806,CeO2,incipient_wetness,449.6913577616651,3.9103630273177012,880.3414724091084,4.5865405427727,26289.710307390156,1.1124564485014627,72.19942748647792,67.70599092028243,1.0707921860584617,65.2819707970495
catalyst_195,Ru,1.7498992720691555,K,0.35952708499460806,TiO2,sol_gel,764.1725866384863,3.6820734480323893,711.3702481721953,4.4565917518463305,41612.424395323615,0.9250762026677136,49.03447272115259,46.59523567115181,0.8406596167713513,75.61932553311813
catalyst_196,Ni,4.7226371813622166,Ca,0.37184985736089515,ZrO2,sol_gel,442.04450317118636,4.9458642374571085,603.1442204742647,2.681569464355187,29966.272247387416,0.8305914525056008,27.864005729754403,28.04878676569839,0.48389855636680573,53.41992224634211
catalyst_197,Pd,2.8898884226877146,K,3.48187955103669,ZrO2,sol_gel,678.9398809049426,5.397124099069594,727.6605524208774,2.205016385604568,23647.343335020098,1.1179749978959237,57.54673588363326,52.43739256375997,0.827620680950394,98.27345685749718
catalyst_198,Pd,5.494348090820596,,0.02611842124501895,MgO,coprecipitation,460.9272775510414,3.457238281737061,720.6905288580393,4.007337353747813,10284.7341844441,0.9052817040937604,40.27930119501003,40.08034481438237,0.7652185548209185,64.76955540489963
catalyst_199,Pd,2.298416714082631,K,2.8958828095775426,Al2O3,wet_impregnation,716.4422807127269,4.931471046258687,648.515070014486,4.881128082128145,29850.474056320083,0.8666747388376153,38.36637220979146,40.90991708471839,0.6360038400546804,90.08094831302884
catalyst_200,Ni,1.616540827536022,La,0.804443978604107,CeO2,coprecipitation,486.1698379745859,4.810052617204375,646.846402015322,1.4830639725108015,40472.96945505546,1.062348882398146,63.45559213936521,62.96406717591014,0.5068873073491946,58.242237532558725
catalyst_201,Pd,1.2370338386442634,La,4.191275078387143,Al2O3,sol_gel,390.4951241456081,4.843806738344145,902.2370186441543,2.926332992613893,20294.461878225015,1.0968770809663084,88.29368143240895,90.18967184862517,1.1776062541236052,70.53397135268735
catalyst_202,Rh,1.9647547478461882,Mg,4.962861577884981,TiO2,wet_impregnation,711.6719190026856,5.805149560754515,668.6474009798189,4.555022220826377,44450.24700549629,1.0459949465043092,33.49638319112405,35.63294784150451,0.7323355824269774,88.65574779724768
catalyst_203,Ru,8.677583605585953,Mg,4.9850877840566366,SiO2,wet_impregnation,391.68211796156334,4.824999980357286,620.4696693000235,3.2968402269528383,21072.518858807074,0.9256961975835386,32.35608371525848,30.490902285937448,0.47694038875022643,91.35252276107211
catalyst_204,Rh,4.143476347011816,,0.09259528825800775,CeO2,incipient_wetness,430.2380423947097,3.2708635391998473,824.7616551440818,1.1410877005426627,20639.129646221238,0.9444884064133555,69.73681083414033,73.24820333706747,0.9477046223910366,83.72024176320005
catalyst_205,Pd,9.270727585193479,Ca,4.423403903108053,SiO2,wet_impregnation,404.78539489929847,3.7755939351358365,884.7383760892237,1.4339322989214918,31470.293322137295,1.2151159850793376,67.6745297332418,69.08050598840063,1.1042839226433396,68.56652036525398
catalyst_206,Pd,2.8260504928323544,Mg,2.3942466299364447,CeO2,incipient_wetness,481.3162527920256,3.1281070934559603,806.7493896454963,4.78180301961883,34540.167281375776,0.8407229475779121,68.26531142155561,69.50648995470176,0.867162086594881,54.71324403940656
catalyst_207,Co,1.2159460369541626,,-0.18026602974778433,MgO,wet_impregnation,777.1569549754817,3.343159886002629,803.5801244722725,3.868312436164487,34034.59840120546,0.9287675782131005,55.38561518111427,62.19684884453966,0.7548397216252956,56.74141427921316
catalyst_208,Ni,9.383837963810343,La,3.7428283917901046,MgO,incipient_wetness,734.958282205464,2.952509011836938,778.6693911975175,3.990913896379758,37094.44022285258,0.9784270199717228,63.27386684476135,59.780141758738836,0.79955490420868,94.00355506113246
catalyst_209,Co,8.407697419442504,K,0.7660077980513791,Al2O3,sol_gel,692.6305532514992,5.906082013629385,613.2489876542322,0.9761631465788264,26245.697399445606,0.8247345851821539,26.70464993211541,27.725921143782234,0.5952171140056055,87.01146278117794
catalyst_210,Pt,1.1273380448922015,Ce,3.1342034928027336,CeO2,sol_gel,637.2679145596986,4.491028188353347,681.0232423695878,3.99384409512162,14458.215394945662,0.876896663177476,57.78386316608203,57.66304527467794,0.7211420015753264,65.53460097880621
catalyst_211,Ru,3.6008030830111037,Ca,0.09450411653589147,CeO2,sol_gel,583.2876185906789,4.691453561122004,785.0394995570084,3.7334831568551747,12125.847927206723,1.1661869807962637,60.68791820329859,65.56287700106422,0.9266972578570537,64.13592990494028
catalyst_212,Ru,5.721452961012219,Mg,1.2372557025674025,SiO2,wet_impregnation,765.356905835703,3.216457146167019,829.4187435746485,2.667772533291914,18155.703966616635,1.127128043623351,61.25701067913541,67.84480800923748,0.9156872793001204,84.22893548388781
catalyst_213,Pt,6.275224795931656,Ca,1.2317964921128814,SiO2,wet_impregnation,678.6437683182808,3.6701608582356813,748.0969896945006,3.7606376109696367,47430.31935031921,0.8169354026912463,44.59571291065987,48.895181307805046,0.8438229717132596,61.342512626025105
catalyst_214,Ru,5.323760488031119,Ca,4.406867480340972,CeO2,wet_impregnation,446.00284456975163,5.185999301361719,727.6370615389607,3.63889479963282,20287.37831988622,0.8783191641049602,54.641122840374344,54.22283613678857,0.6484383713694913,90.65145476308638
catalyst_215,Pt,3.815749091912148,Mg,2.0422725377085422,ZrO2,incipient_wetness,509.6625112754005,4.055857338165683,778.4709215878183,2.3466459132355344,24338.258349822532,1.1192227778647634,61.46662389791711,68.47756575060953,0.9065854126937063,89.94246026401981
catalyst_216,Ru,5.53859135519838,La,4.713731684999964,Al2O3,sol_gel,753.0395174511287,2.573911987065641,710.6575855154662,3.3247706298849318,28991.210751659833,0.8831289845395314,42.816638642260145,48.41100985455018,0.8132649779860469,71.20422818780834
catalyst_217,Ru,3.1009214723392056,Ce,2.28956328523141,TiO2,coprecipitation,568.2524865655329,4.882618628144997,718.1164670141121,3.0263266750708544,27202.765544596383,1.1137711996801445,42.45860224059502,45.008121251139706,0.8209482035533276,58.6366636096169
catalyst_218,Ni,4.839734809070635,,-0.10481291170216625,Al2O3,sol_gel,682.6489525557512,5.65433121966358,626.9127623506469,3.5188884685727335,33434.30619456477,0.842576161267047,26.159775568516014,29.87651562367527,0.5004347308008416,69.94082243800041
catalyst_219,Pt,9.33563527073018,,-0.1041049094288926,TiO2,sol_gel,653.1903738127771,4.202308748684979,718.9541559542389,2.514778112687002,31888.35786144576,1.079690261931553,46.43539276501461,48.51628782217696,0.8192096116660949,75.21614057649384
catalyst_220,Ni,5.595690348222946,La,0.4493150915614671,MgO,wet_impregnation,638.5400232437848,2.5843251647529883,708.5735755114875,1.5876337739659037,37888.55516690322,0.8808253208556234,56.74000735881108,50.42641940333436,0.6809465226445198,96.72077741270613
catalyst_221,Ni,7.84211948394498,Ce,0.17308626239258415,TiO2,wet_impregnation,601.9164781582926,4.194654299415183,797.3930695314727,3.672834761643257,20280.117397398517,0.8066315799786887,69.57572426957178,70.19019628930808,1.0727108779747485,89.38357608585434
catalyst_222,Ni,3.9540796139303716,Mg,3.9624715646264606,ZrO2,incipient_wetness,583.5748782770045,2.6494640316494475,856.1116369121397,4.583327870412229,28246.536086883098,0.8220034363421949,85.42917014032066,93.53700566726728,0.9599380013181223,61.342155730240684
catalyst_223,Ru,2.29546465194647,,0.13616291881967196,ZrO2,incipient_wetness,681.8464889165481,5.3565278461931065,769.6721306997248,4.621081803010252,25833.535305137204,0.9997554785382502,45.13479523761593,52.2338679179686,0.8432414016879609,51.70923831822164
catalyst_224,Ru,4.305123254461158,K,0.3748562080499288,CeO2,incipient_wetness,536.610744460537,5.76985552938899,707.7074475512497,4.406320173881169,43134.039099580514,0.9431363608371566,37.21998341231175,40.54850166657041,0.7329107378188588,53.912141157170566
catalyst_225,Ni,7.948593041632949,La,3.8244107101467004,SiO2,wet_impregnation,721.9182873212318,4.006023201048113,642.77931059505,3.814598453610512,33694.9589085813,1.1096905139401225,37.563943828510666,39.066378599359126,0.5676307075111765,57.49952094300922
catalyst_226,Pt,9.172496728130612,Ca,2.7495402442025854,SiO2,coprecipitation,649.7305873136223,2.714883447932055,731.0992020168434,3.92818890833671,21341.586952843743,0.8840720665911003,48.22468227615809,41.926131278678795,0.7165828293577341,93.07300419707609
catalyst_227,Co,2.846860453615354,K,0.47587120824074536,CeO2,coprecipitation,658.7932140029476,3.3385489223594385,843.5202974068018,3.638553155299155,41480.68634791461,0.9063660000938871,55.850490878078645,60.56364476108278,1.0462102909389477,61.31556313443412
catalyst_228,Ru,5.119594572496518,Ca,1.357389903772556,ZrO2,incipient_wetness,666.755178723942,5.2961694780969095,627.6844379940422,4.094091979366098,42191.977424452285,1.0047323611041126,36.87569070726913,34.66937799506536,0.6588178906953597,52.458769649652154
catalyst_229,Ru,8.755541554463006,,0.06466534937622563,MgO,incipient_wetness,498.24011276954445,4.263788911503475,607.2463707335341,3.5425080351163816,21937.95937270144,1.1486234743520165,18.98697795628808,21.26709355365265,0.5864170333670268,81.20846515439412
catalyst_230,Co,7.843535824180677,La,3.350676342975727,CeO2,incipient_wetness,776.9003572491206,5.5560669159213445,875.716976884249,4.891465471168606,41703.34827914601,1.0611484017779047,71.44725623194523,74.28736477648687,1.015674232892998,70.81922246645081
catalyst_231,Ni,9.031469685661945,Mg,4.359687334137201,ZrO2,sol_gel,541.6053064260373,1.902355353890451,628.6403224003627,2.1075128297765557,10615.86938272588,0.8039028335648843,44.745132735646784,42.20088662499806,0.5758889743592032,88.73818959798528
catalyst_232,Pt,9.845227378382429,La,1.9684343853261457,CeO2,sol_gel,576.6632678152259,3.534592975387635,628.2426757973753,3.4158728704918127,40462.53380458566,1.0821561730569882,53.130504186168736,52.33715706970528,0.4271873426007995,95.83688826579535
catalyst_233,Ru,5.6260236059006274,La,1.1836197187542479,ZrO2,sol_gel,819.9897817107401,5.990363537602839,802.6779877993552,4.195781649843441,37682.91091199565,1.0289536144681535,62.23250465179988,61.50388754918109,0.865060469260774,88.69521798201633
catalyst_234,Pt,5.711384632338345,Ca,3.682924065334242,ZrO2,sol_gel,686.6236708531744,4.532595302482807,670.1600284285845,1.5283025833153587,35869.38677474769,1.0577832479747966,59.518231081151754,60.20122369276863,0.5703842936626201,72.47547069926742
catalyst_235,Ru,1.0597141467002154,,-0.19914024248424902,SiO2,wet_impregnation,710.1722404919211,4.601855881928411,808.9093731199039,4.5886375344377734,41367.84777982362,1.180084089794455,41.61680632339216,42.29593088912793,1.1919369009232934,78.02022507906474
catalyst_236,Ni,9.20975089052117,,-0.045790834000006816,SiO2,incipient_wetness,628.4675843919148,4.127032818129109,697.3452642880426,1.1768321724234876,9360.248728332343,0.9907718833312897,47.6731571031622,50.17911750477509,0.6393323680287236,83.86111272983503
catalyst_237,Pt,8.434160921948834,Ca,0.9569776868837048,CeO2,sol_gel,702.8610701529502,3.1311460196946617,840.5333177992617,5.0003521900882815,10508.195632854025,1.1586570609550226,80.12511864784864,81.14743353643526,0.9838889595700575,86.78598159059469
catalyst_238,Ru,1.7035709587784482,K,5.049189502558933,ZrO2,coprecipitation,731.8041012259204,5.115308418052642,874.5205672057365,1.3904928247713322,27652.414418451794,0.818524383317502,61.73484580322955,62.819658200638884,0.9640323488016826,95.24392019050822
catalyst_239,Pd,9.971695447470701,Ca,4.051608387289614,ZrO2,wet_impregnation,793.5243630064291,3.8319923495892483,693.5678265769304,4.150635458386783,24355.989476733466,0.9359140699034965,49.553143684869596,46.951883943648056,0.6149599883676207,69.28960076549492
catalyst_240,Rh,2.7990237826922812,K,4.08455928608638,MgO,incipient_wetness,714.8564023542541,2.461162305176053,913.4703395197585,1.9329927810200673,13509.69001620526,1.1431292721001445,84.51683317781237,80.64744173931206,1.2102700214010633,77.11722601135952
catalyst_241,Ru,3.2772193560567553,Mg,2.388924093875646,ZrO2,sol_gel,421.4846635742698,3.8638687049166585,686.075637676631,4.351342482200604,12965.57181129562,0.9630383066497601,53.44642038535434,56.459582154093255,0.6408338643299525,99.96673891248965
catalyst_242,Ni,9.773237819098268,La,4.383256771876566,MgO,coprecipitation,563.056746327257,2.576689089214888,758.2250355301106,4.14134156884057,29392.237826475815,0.9938153125322956,50.175636736457705,55.76378298435971,0.8945460531945424,56.52533613736486
catalyst_243,Pd,5.627209759935697,Mg,4.595742288182041,Al2O3,wet_impregnation,759.7677378342345,5.130006691928024,743.2812172427332,4.014882767467443,30592.034932195867,1.1426192880321338,62.170237670858235,65.22886201436224,0.7882392704793861,83.07694678863095
catalyst_244,Ru,2.796311531444322,,-0.19679838473874298,ZrO2,incipient_wetness,755.7556582444225,4.009722114150692,724.6122432661522,4.769101192407434,37620.63609716458,1.012622516725718,27.831213827933922,31.257382160717178,0.9082940313933661,90.06813502311493
catalyst_245,Pt,5.822794034034903,Mg,4.3308429716468595,ZrO2,sol_gel,700.8559154410226,2.762737209900281,797.1358166905758,1.8547077894681294,18660.546008780126,1.1404102294203484,66.11639277693291,59.12993130513412,0.8346745919410373,79.86610826082254
catalyst_246,Ni,7.752554602286002,K,0.8946405333625869,ZrO2,sol_gel,580.5825536754588,3.6769929648254633,632.0363985947793,2.8690379621304407,46113.41727537611,0.835456106365824,34.10735088008803,34.3101483173611,0.512934595325492,77.66665418183408
catalyst_247,Rh,7.350258034518607,Ce,0.5473221221617298,ZrO2,wet_impregnation,576.3926644190663,3.5681074740017507,777.1913982183099,5.039452939188438,39116.591935632416,0.9520489830953807,74.35315139559073,62.7460114895217,0.9080502166395428,53.98230786417028
catalyst_248,Ni,7.344875843500883,Mg,2.2229270189170696,ZrO2,incipient_wetness,694.6382999250387,2.546728982208497,801.5975568127953,1.9897143188510662,45095.61567891402,1.1683723219269813,60.24026761456596,57.90422610135348,0.9357359425862956,85.1304082192043
catalyst_249,Ru,2.922493850516368,Ce,4.965618104245685,Al2O3,incipient_wetness,655.1965896736558,4.515573182042765,645.2071431573816,1.2317652094898122,33072.054732218035,1.0742944577957059,34.43018122778234,38.169235883763584,0.47850704371748987,95.82023248302743
catalyst_250,Ru,4.022948023066602,,-0.19272850900734406,SiO2,sol_gel,701.907850865304,3.4870163745447362,620.6263750059657,2.2813372050558156,28277.173223331447,0.9337419832313886,10.889679439614607,10.516855216368995,0.4894659290841785,61.59269196616235
catalyst_251,Ni,2.669439606146825,,0.06376854242303544,CeO2,wet_impregnation,524.5369515258942,4.565363905392306,796.3829551985293,2.980600195305,25678.78545933101,1.1549641583505286,58.60633348536982,62.5769697106291,0.6722219251889597,84.01821924299684
catalyst_252,Pd,3.703169964387451,,0.03446755242149332,CeO2,wet_impregnation,540.908614203282,2.2075739246500485,736.8579896857397,1.9773435687428076,25566.38419563268,1.1291130298038103,69.68608570638453,63.19926386749162,0.7309642068547748,61.418645062081396
catalyst_253,Pd,5.2488639254501654,,0.015836851310975116,MgO,coprecipitation,593.4538547902671,3.105786599382699,739.3920117881617,3.7400254994884508,39258.034459860566,1.1050920105424205,62.6325863743522,69.19720656885356,0.8125608366603738,94.80869041654098
catalyst_254,Ni,8.525706245856764,Mg,1.0408972587856464,ZrO2,sol_gel,711.5522499248559,5.3769757224349135,700.0343649685494,3.8602081184073342,21935.884883127805,0.9175182597300493,53.09751796372461,56.037126721655056,0.6094195955660625,66.46776323565045
catalyst_255,Ni,8.380757611189797,K,0.7340197784620768,Al2O3,coprecipitation,580.9622191592165,2.440463953552862,806.8574257887412,4.915541679412558,15375.83214811915,1.0772644332914003,68.90811543807423,70.96428972346703,1.1163441481394172,92.28868106209784
catalyst_256,Pd,9.495884555730854,K,3.677970455899247,CeO2,wet_impregnation,643.5493375478142,4.768433733845864,871.4195251007845,2.624304246995624,23768.24759387749,0.8089263119605739,85.66800397988465,77.91926231495809,1.0950167556240864,53.54520429877027
catalyst_257,Rh,5.7433275476393595,Mg,1.1883890407443018,MgO,incipient_wetness,730.2565923488146,5.230105318018716,805.3199933041661,3.386112976467972,45209.788764560595,0.8903077683325814,66.50991673946282,72.53221895592223,0.9447656143978996,94.10709018829894
catalyst_258,Ru,7.811511689745451,K,0.31659181983552576,SiO2,coprecipitation,710.6672239973398,3.254980030771398,656.3544437669899,1.2516397904196064,10836.396610331349,1.0088641265259422,19.160445443713307,14.773513527689143,0.5902266357965842,89.33023547167525
catalyst_259,Ni,9.144249009611338,,0.049765904724905705,TiO2,coprecipitation,718.9522406628959,2.8000294124689473,617.5531088172776,3.18194596300137,12974.494565734274,1.1381740327008467,36.51221821429424,38.21616194762192,0.5365672170388386,67.29409020072237
catalyst_260,Rh,4.48792431046611,,0.20785639229198336,MgO,incipient_wetness,578.0798034299405,3.38055350101071,888.8902788935469,1.51423172014181,46667.37318161749,1.0610411797146446,71.65772061671197,71.67304057432735,1.0649608465158986,59.78373443369472
catalyst_261,Pt,4.020912027285525,La,5.065508725346951,SiO2,sol_gel,745.110497191282,2.6921318185701137,667.9096266269607,2.9775863480788782,41104.26207396829,0.8379994048389645,57.82565676677984,56.48067317992049,0.7534892285646744,69.34237115261124
catalyst_262,Pd,4.158036001943656,Ca,1.0316085825685573,MgO,incipient_wetness,427.40497388588125,3.386413040841677,711.438899128368,3.776865074248201,35725.73876915755,0.846362644440058,42.88392803745533,39.85872435674579,0.6933661660386744,93.6233862783065
catalyst_263,Pd,2.7994639995141792,Ca,4.0302473455574175,SiO2,sol_gel,621.6514631562059,2.849884115981682,753.1170021554543,3.9851020956065337,49409.50037904596,0.8946635960644134,58.72356911716565,64.03034318238122,0.8502934755119509,55.17230067881454
catalyst_264,Ru,7.220125686066947,La,2.258869303280899,SiO2,incipient_wetness,703.2640193667846,5.283723684369082,643.8984442888426,4.579615815492717,32225.411940794307,1.1244235386806631,12.068405223964428,17.64124956741803,0.5089317733825794,71.3011090131248
catalyst_265,Co,9.023269698867692,Ce,1.211194442296194,MgO,incipient_wetness,775.9174689317483,4.2445964430893115,848.3752675029692,3.846333064780874,38499.40656590364,0.9358747328596904,57.58668402050905,60.216197172950565,0.9164615383910565,88.74654823878038
catalyst_266,Ru,4.556014138285454,Ce,2.9959944012455684,ZrO2,wet_impregnation,588.3579007836514,5.126632553686945,897.0042067641895,1.7562139184022072,27828.830888384546,0.9909626198613851,69.9006481642752,64.62397167678549,1.0412699062695916,60.64841739317662
catalyst_267,Pd,2.5689593420677226,,0.39952345973954917,Al2O3,sol_gel,463.43528406048534,3.567142105188218,835.2324935908164,4.736423599180442,13920.993063691969,0.9589659175612573,79.38656630695728,76.07017948035958,1.1193525363647057,60.035276392259505
catalyst_268,Rh,9.696799547627359,Ca,0.5091259478797184,TiO2,coprecipitation,513.5850974406194,5.554934365732345,871.3874647519967,2.7195127120824987,13424.009293882646,0.8387866804934169,60.33119994195244,57.99932332159917,1.1950512504599111,93.78577997490149
catalyst_269,Ni,3.9555639591658185,K,0.35037657987224047,CeO2,coprecipitation,633.637598889781,3.5300760219923473,879.1899019596425,3.1759827257885966,20818.827113493855,1.0875229864235751,88.11203783124655,82.50331662287333,1.0261236670690734,63.170138253104035
catalyst_270,Pd,8.742300391595432,K,4.141283780847645,MgO,incipient_wetness,485.62860775720804,2.705886193530131,829.7603076145738,4.834032160181581,13195.7196165274,0.9730928976103772,77.24750535903512,71.79171684610985,1.0007991686400042,64.78412842797287
catalyst_271,Rh,8.283279658662721,K,3.664615140932721,ZrO2,sol_gel,599.4818953278433,4.715847909682355,757.578985634105,1.683291489399781,18447.253800007125,0.9001217516804886,67.19422514849572,75.24395033747423,0.9313966138886943,67.45397728460789
catalyst_272,Ru,8.249051273941463,La,2.9946274232999484,MgO,coprecipitation,502.5490678237077,5.171108209949261,669.9048055616031,4.953871593525827,21476.495895137625,0.9378158195522298,30.875115833722372,30.16701322418946,0.6230688628999506,62.436736024262615
catalyst_273,Ni,5.94949734923507,K,0.5762827782400282,Al2O3,incipient_wetness,417.713927809674,4.686383445906686,747.6791773126031,1.1366870341803896,11133.026882205042,1.2057801612703485,55.864366005450535,53.48041726047101,0.792036593125585,99.83378294851718
catalyst_274,Ru,5.999382627315065,Mg,3.017977669269027,Al2O3,sol_gel,774.6412096953012,4.95402202787368,734.0661889721291,2.751663966657851,34702.787837560434,1.055292485071789,56.96533705284779,55.25299728990006,0.7580878366569569,81.33187682046241
catalyst_275,Ni,8.001386486282952,Mg,-0.08317329503286812,MgO,incipient_wetness,707.6736902379547,1.9779010354769295,859.9730544031845,4.975763929934338,21708.70537103564,0.8906511954988076,62.90752104756987,68.9274234251242,1.1338343458830435,52.73569714900869
catalyst_276,Pt,10.043705178476852,La,0.7850267973067289,CeO2,coprecipitation,477.2939170137894,5.524678754401639,886.1807559236787,3.880288248000897,12927.325257327086,0.792333818837478,82.28620615743189,74.04769068090198,1.0288938068571236,83.06889857224031
catalyst_277,Ni,7.043237056742012,Ca,1.2582462864624484,Al2O3,wet_impregnation,677.7945098706874,2.8233390592857845,643.9944712015816,4.130876608580953,15340.177555349714,1.2112470062493108,39.77737114672366,34.86990889811401,0.5531587847435373,73.29412756114732
catalyst_278,Ni,3.495176538402481,La,0.18515049762241806,Al2O3,incipient_wetness,661.2298515489871,3.5084064604836875,764.2598463345299,1.8901325668434665,21209.321089887137,1.0665464688237254,62.383190079108886,62.2246080581327,0.912040488182519,66.11552709814956
catalyst_279,Ru,6.346038213959173,,0.06463342433711483,MgO,wet_impregnation,515.8065500111746,5.589755551568551,721.453059123309,1.4923192254808373,37084.11525847346,0.9233175287508051,54.32648468189823,56.36494706940823,0.7479965196027498,65.33983517140526
catalyst_280,Rh,9.543403728375692,K,1.239694449588052,ZrO2,sol_gel,407.06772967943283,2.999750498096422,662.2432719447959,3.657706440106649,35803.68542600713,1.0476756526011584,62.877392054913095,64.36405446612358,0.5037078993938305,59.490564252906196
catalyst_281,Pd,4.9359410136166355,Ce,2.637005198848683,Al2O3,incipient_wetness,533.5228258772141,5.814683299759333,784.1597275854897,2.288775351980215,21014.088657682514,1.1485277492596604,59.641448955006204,57.64643637539247,0.8819380546340405,88.4194276182877
catalyst_282,Pt,9.080137857110257,K,2.691810264034289,CeO2,sol_gel,743.2670211626111,3.700569994896845,813.3190951487423,4.88727190561537,19144.08308019142,0.959975971017971,64.34584070704605,61.66011584620677,0.9041381790467068,97.14942612555556
catalyst_283,Pt,8.811770974357763,Ca,5.116252452189031,TiO2,sol_gel,616.8081275046854,5.3412831967250805,707.3624652225235,2.4040078263354396,25968.342930155526,1.0665463061637672,39.18354587927692,36.86742672897478,0.8021900769686039,83.55018278630726
catalyst_284,Rh,7.460415384982659,Mg,3.2499259527138697,ZrO2,sol_gel,690.3822308660594,5.505932151447008,743.8883374143264,4.122146063833645,33153.51603248022,0.8766754733470183,83.83231436474846,87.50937487198894,0.6912835671311902,61.91416550922601
catalyst_285,Co,4.72125551263317,La,2.908153070308173,CeO2,coprecipitation,609.286131930085,2.36066055374144,622.6015297733752,1.4726436829309095,35622.532470229984,1.0339075751875306,42.41847223114916,38.8706079785767,0.4871268884308128,73.7604750285655
catalyst_286,Pt,6.904543404543114,,0.20835292145801482,TiO2,wet_impregnation,659.7890389638978,2.5205213105159316,898.9815040829923,3.1657651573830576,12725.487918206923,1.183881162917105,75.99525156209104,80.35360239745496,1.1718772176793242,50.44897838004871
catalyst_287,Ni,8.557754900768536,Ca,1.5116242911269404,Al2O3,sol_gel,771.7966424162821,4.403062382297872,878.4994588493015,3.8123743514172284,22227.56885806216,0.9309900409223641,80.5876876090165,83.25725963443065,1.097221152535622,97.8506444738279
catalyst_288,Co,5.060619723854581,Ce,0.5117134585610182,TiO2,coprecipitation,463.45278210277365,2.1621636952607246,762.7368448208799,1.4081181926176394,14168.35741964122,1.1882975921309489,43.28692987088956,50.06757202026136,0.8914648573450729,66.99044549247131
catalyst_289,Rh,4.453152099122818,,-0.1834296194799295,ZrO2,sol_gel,598.4668603627385,3.653433596308318,806.4211271833062,1.6285231863402942,19005.23789114027,0.8794717005903752,75.9621786801127,69.38399435765106,0.7531536236358839,64.85874767052499
catalyst_290,Ni,7.135968596172366,K,0.17744178884273232,MgO,incipient_wetness,648.44282693065,4.688648674174142,665.5181047271101,1.1128609731029269,22772.345900858752,0.8267020159032016,34.47374487660051,34.59855473814679,0.5713532497281291,53.99586833250939
catalyst_291,Pt,4.666379622202949,,0.03886345284112285,Al2O3,sol_gel,529.1163786750519,2.845565052290049,660.9848701930379,2.7058222988295464,33514.23550246052,0.8338038784771137,51.75448798734104,44.427150529291225,0.6140089089727861,86.69365336199407
catalyst_292,Pd,8.058402137600341,,-0.035887075486378095,ZrO2,wet_impregnation,509.8227193167978,5.740681368086306,645.6028326603362,4.551798212512828,49887.585812963436,0.8833710265587933,49.9945687173722,50.01542875700489,0.4993449643086969,50.23982014517834
catalyst_293,Co,8.051234586859511,Ce,4.758553618726561,SiO2,coprecipitation,415.53760387002893,5.9394195962455605,633.3666334294883,4.432181546865189,20360.419287588396,0.8407012312135385,43.79281676591994,41.17553206807926,0.4863972049759877,56.41546510841468
catalyst_294,Pt,8.064420932673276,La,4.5513634478720855,ZrO2,wet_impregnation,724.2795572436636,2.7156313270335812,731.7398135190581,1.6968198324485484,19793.047659439122,1.01601024116266,70.14429058178136,67.06725779881032,0.8572677676255054,70.0123502965859
catalyst_295,Ru,1.2150700901982716,K,2.527048080394757,ZrO2,sol_gel,419.49709213844835,5.421876011009512,849.3788226852715,4.024793142182874,23143.75916948776,1.1323676819279884,48.118103289380535,47.999380151419686,1.058750027508361,57.901670325346814
catalyst_296,Pt,2.8435616058876656,La,3.2428484518740675,ZrO2,incipient_wetness,558.5122643995757,5.565691706603971,898.2135014069017,4.538900014303203,20792.97648094171,0.8565784654169191,88.08468481084566,80.65439379419004,1.0699209348920578,77.89246753626155
catalyst_297,Rh,6.378626076314138,Mg,4.7149168818682465,Al2O3,incipient_wetness,436.3384344086651,2.4760210499522777,610.8582974850245,1.8027493500946332,31999.651924076144,1.0711402100931526,35.49515730059356,34.182435605835316,0.6113141726022815,97.98042144642861
catalyst_298,Pd,5.720622562415336,La,1.1042020900626877,TiO2,wet_impregnation,544.7175035068572,5.905464277942723,803.9385238048679,4.53745519482535,16583.50440427688,0.9581399860079827,66.8446969611284,57.710108897713845,0.922212162997454,53.18894500465706
catalyst_299,Pt,6.361443746967019,Ce,0.24271913748452853,ZrO2,coprecipitation,786.4332305760453,2.18589414915034,887.4067149232507,3.1538435486969116,47901.945887888774,0.8521446876481422,83.10786356645212,72.08161669145437,1.0819717854824085,87.29091837944762
catalyst_300,Co,5.429896628999953,La,4.222597952386161,MgO,wet_impregnation,435.03150596886286,3.1726822845425957,703.3464805881958,4.231620902779867,48039.56656856144,0.881703779041793,42.525381553640685,38.96148858144812,0.7202894431725979,80.04845568013901
